name|id
a220541515|211468
ACCM|347269
Adham|611972
AkeNo|212967
Albis|528141
BadB0y_|2503651
Biry|11011628
blade|994370
Capoch|409748
Daniel|265517
Dark|1407942
Darknoob|458029
DauT|198035
dave_hun|260231
dogao|199170
Dooidy|2594552
DracKeN|357795
F1Re|196310
Fish|821727
FreakinAndy|2559615
GKT_cloud|199419
Good_Game|1165138
Hera|199325
JonSlow|208269
JorDan_23|2858362
Kasva|1224481
LaaaaaN|232410
Liereyy|506898
Margougou|2368761
MbL|251265
Nicov|208393
Nili|197751
Noisick|1262725
PROject_Belgium|213305
repard|222528
Running|256338
saymyname|419803
Shed|208952
Sitaux|212721
Skittle|992381
slam|614315
SongSong|2733015
Spring|235623
St4rk|3884287
T90Official|197930
TaToH|197388
TheMax|572017
TheViper|196240
The_Dragonstar|182749
Twigg|2621722
Valas|628503
Villese|208611
Vinchester|271202
Yo|197964
_Barles_|666976